{
    "games": [
        {
            "Joueur A": "Tom", 
            "Joueur B": "Alex", 
            "but A": 2, 
            "but B": 0, 
            "date": 1431861564.264, 
            "duree": "timedelta(seconds='32.321')", 
            "id": 1, 
            "points": 2
        }, 
        {
            "Joueur A": "Alex", 
            "Joueur B": "Tom", 
            "but A": 0, 
            "but B": 2, 
            "date": 1431861564.929, 
            "duree": "timedelta(seconds='33.624')", 
            "id": 2, 
            "points": -2
        }
    ], 
    "stats": [
        {
            "games tot": 2, 
            "points tot": 0, 
            "time tot": "timedelta(seconds='65.945')"
        }
    ]
}